WET REGION,Bath Fixtures,Towel Racks
WET REGION,Bath Fixtures,Towel Rods & Rings
WET REGION,Bath Fixtures,Bath Fixture Sets
WET REGION,Bath Fixtures,Toilet Paper Holders
WET REGION,Bath Fixtures,Cloth & Robe Hooks
WET REGION,Bath Fixtures,Grab Bars
WET REGION,Taps & Faucets,Basin Taps
WET REGION,Taps & Faucets,Mixers
WET REGION,Taps & Faucets,Stop Cocks & Angles
WET REGION,Taps & Faucets,Bath Taps
WET REGION,Taps & Faucets,Health Faucets
WET REGION,Taps & Faucets,Kitchen Sink Taps
WET REGION,Bathroom Mirrors,Wall Mirrors
WET REGION,Bathroom Mirrors,Cosmetic Mirrors
WET REGION,Sanitary Ware,Water Closets
WET REGION,Sanitary Ware,Basins
WET REGION,Sanitary Ware,Vanities
WET REGION,Sanitary Ware,Cisterns
