FURNISHING,Bedding,Bedding Sets
FURNISHING,Bedding,Bed Covers
FURNISHING,Bedding,Duvet Covers
FURNISHING,Bedding,Blankets & Quilts
FURNISHING,Bedding,Comforters
FURNISHING,Bolsters,Bolster Covers
FURNISHING,Bolsters,Bolsters
FURNISHING,Carpets & Area Rugs,Solids
FURNISHING,Carpets & Area Rugs,Geometric
FURNISHING,Carpets & Area Rugs,Nature & Florals
FURNISHING,Carpets & Area Rugs,Abstract
FURNISHING,Carpets & Area Rugs,Indian Ethnic Carpets & Area Rugs
FURNISHING,Chair Pads,
FURNISHING,Curtains & Blinds,Door Curtains
FURNISHING,Curtains & Blinds,Window Curtains
FURNISHING,Curtains & Blinds,Blinds & Shades
FURNISHING,Curtains & Blinds,Brackets & Rods
FURNISHING,Curtains & Blinds,Holds & Tie Backs
FURNISHING,Cushions,
FURNISHING,FLOORING,Dhurries
FURNISHING,FLOORING,Runners
FURNISHING,FLOORING,Door Mats
FURNISHING,FLOORING,Yoga Mats
FURNISHING,Flooring,Kids Carpets
FURNISHING,Flooring,Kids Mats
FURNISHING,Mattresses,
FURNISHING,Pillows,
FURNISHING,Throws,
