DECOR,Candles & Tea Lights,
DECOR,Ceiling Lights,Flush Mounted
DECOR,Ceiling Lights,Recessed Lights
DECOR,Chandeliers,Colonial Chandeliers
DECOR,Chandeliers,Modern Chandeliers
DECOR,Chandeliers,Eclectic Chandeliers
DECOR,Chandeliers,Indian Ethnic Chandeliers
DECOR,Clocks,Wall Clocks
DECOR,Clocks,Retro Clocks
DECOR,Clocks,Cuckoo Clocks
DECOR,Clocks,Grandfather Clocks
DECOR,Clocks,Alarm Clocks
DECOR,Clocks,Kids Clocks
DECOR,Curios,Showpieces
DECOR,Curios,Figurines
DECOR,Curios,Fridge Magnets
DECOR,Curios,Action Figures & Bobble Heads
DECOR,Desk Decor,
DECOR,Ethnic Art,
DECOR,Festive Lights,String Lights
DECOR,Festive Lights,Electric Tea Lights
DECOR,Filament Lamps,
DECOR,Floor Lamps,Contemporary Floor Lamps
DECOR,Floor Lamps,Colonial Floor Lamps
DECOR,Floor Lamps,Eclectic Floor Lamps
DECOR,Floor Lamps,Indian Ethnic Floor Lamps
DECOR,Garden Decor,
DECOR,Hanging Lights,Eclectic Hanging Lights
DECOR,Hanging Lights,Modern Hanging Lights
DECOR,Hanging Lights,Indian Ethnic Hanging Lights
DECOR,Hanging Lights,Colonial Hanging Lights
DECOR,Home Fragnances,
DECOR,Key Holders,
DECOR,Lamp Bases,
DECOR,Lanterns,Festive
DECOR,Lanterns,Paper
DECOR,Lanterns,Sky
DECOR,Light Bulbs,CFL Bulbs
DECOR,Light Bulbs,LED Bulbs
DECOR,Mirrors,Eclectic Mirrors
DECOR,Mirrors,Colonial Mirrors
DECOR,Mirrors,Contemporary Mirrors
DECOR,Mirrors,Indian Ethnic Mirrors
DECOR,Outdoor,Gate & Post Lights
DECOR,Outdoor,Wall & Ceiling Lights
DECOR,Outdoor,Ambience Lights
DECOR,Outdoor,Flood & Spot Lights
DECOR,Outdoor,Deck & Step Lights
DECOR,Outdoor,Walkway Lights
DECOR,Outdoor,Security Lights
DECOR,Outdoor,Lanterns & Torches
DECOR,Pots & Planters,Hanging Planters
DECOR,Pots & Planters,Rail Planters
DECOR,Pots & Planters,Planter Pots & Boxes
DECOR,Pots & Planters,Decorative Planters
DECOR,Sensor Lights,
DECOR,Spiritual,
DECOR,Spiritual,Temples
DECOR,Spiritual,Idols
DECOR,Spiritual,Diyas
DECOR,Spiritual,Feng Shui
DECOR,Spiritual,Festive Decor
DECOR,Spiritual,Chowkies
DECOR,Study Lamps,
DECOR,Table Lamps,Contemporary Table Lamps
DECOR,Table Lamps,Colonial Table Lamps
DECOR,Table Lamps,Eclectic Table Lamps
DECOR,Table Lamps,Indian Ethnic Table Lamps
DECOR,Table Lamps,Kids Table Lamps
DECOR,Tripod Lamps,Floor Tripods
DECOR,Tripod Lamps,Table Tripods
DECOR,Vases & Flowers,Vases
DECOR,Vases & Flowers,Artificial Plants
DECOR,Vases & Flowers,Artificial Flowers
DECOR,Vases & Flowers,Natural Plants
DECOR,Vases & Flowers,Indoor Fountains
DECOR,Vases & Flowers,Decorative Pebbles
DECOR,Vintage Decor,Retro Telephones
DECOR,Vintage Decor,Collectibles
DECOR,Vintage Decor,Gramophones
DECOR,Vintage Decor,Nautical Decor
DECOR,Vintage Decor,Pocket Watches
DECOR,Wall Accents,Photo Frames
DECOR,Wall Accents,Wall Hangings
DECOR,Wall Accents,Bells & Chimes
DECOR,Wall Accents,Masks
DECOR,Wall Accents,Jharokhas
DECOR,Wall Art,Stickers & Decals
DECOR,Wall Art,Art Panels
DECOR,Wall Art,Digital Art Prints
DECOR,Wall Art,Posters
DECOR,Wall Art,Limited Edition
DECOR,Wall Art,Paintings
DECOR,Wall Lights,Wall Mounted
DECOR,Wall Lights,Picture Lights
DECOR,Wall Lights,Bath Lights
DECOR,Wall Lights,Night Lights
DECOR,Wall Shelves,Contemporary Wall Shelves
DECOR,Wall Shelves,Eclectic Wall Shelves
DECOR,Wall Shelves,Colonial Wall Shelves
