APPLIANCES,Fans,Ceiling Fans
APPLIANCES,Fans,Wall Mounted Fans
APPLIANCES,Fans,Pedestal Fans
APPLIANCES,Fans,Designer Fans
APPLIANCES,Fans,Table Fans
APPLIANCES,Fans,Kids Fans
APPLIANCES,Exhaust Fans,
APPLIANCES,Geysers,Storage Geysers
APPLIANCES,Geysers,Instant Geysers
APPLIANCES,Power Storage,UPS & Inverters
APPLIANCES,Power Storage,Voltage Stabilizers
APPLIANCES,Room Heaters,
APPLIANCES,Air Purifiers,
APPLIANCES,Water Purifiers,
APPLIANCES,Cooktops,Gas Stoves
APPLIANCES,Cooktops,Induction Cooktops
APPLIANCES,Cooktops,Hobs
APPLIANCES,Chimneys,Hood Chimneys
APPLIANCES,Chimneys,Chimneys & Cooktop Combos
APPLIANCES,Chimneys,Designer Chimneys
APPLIANCES,Chimneys,Straight Line Chimneys
APPLIANCES,Home Automation,
APPLIANCES,TVs,
APPLIANCES,Refrigerators,
